  {
    "totalCount": 1,
    "nextPageKey": null,
    "result": [
      {
        "metricId": "builtin:host.cpu.usage",
        "data": [
          {
            "dimensions": [
              "HOST-1812428021FCE23D"
            ],
"timestamps": [
              1604995200000,
              1604995800000,
              1604996400000,
              1604997000000,
              1604997600000,
              1604998200000,
              1604998800000,
              1604999400000,
              1605000000000,
              1605000600000,
              1605001200000,
              1605001800000,
              1605002400000,
              1605003000000,
              1605003600000,
              1605004200000,
              1605004800000,
              1605005400000,
              1605006000000,
              1605006600000,
              1605007200000,
              1605007800000,
              1605008400000,
              1605009000000,
              1605009600000,
              1605010200000,
              1605010800000,
              1605011400000,
              1605012000000,
              1605012600000,
              1605013200000,
              1605013800000,
              1605014400000,
              1605015000000,
              1605015600000,
              1605016200000,
              1605016800000,
              1605017400000,
              1605018000000,
              1605018600000,
              1605019200000,
              1605019800000,
              1605020400000,
              1605021000000,
              1605021600000,
              1605022200000,
              1605022800000,
              1605023400000,
              1605024000000,
              1605024600000,
              1605025200000,
              1605025800000,
              1605026400000,
              1605027000000,
              1605027600000,
              1605028200000,
              1605028800000,
              1605029400000,
              1605030000000,
              1605030600000,
              1605031200000,
              1605031800000,
              1605032400000,
              1605033000000,
              1605033600000,
              1605034200000,
              1605034800000
            ],
            "values": [
              5.109236653645834,
              5.532491048177083,
              4.981656901041666,
              4.569563802083334,
              4.019966634114583,
              6.64052734375,
              9.54796142578125,
              6.133479817708333,
              5.87164306640625,
              4.537711588541667,
              4.34345703125,
              5.786653645833334,
              5.183907063802083,
              4.8904296875,
              4.361079915364583,
              5.393831380208334,
              5.298506673177084,
              15.13026123046875,
              11.2364990234375,
              14.788700358072917,
              15.812137858072917,
              15.545450846354166,
              15.558866373697917,
              9.920340983072917,
              4.26019287109375,
              4.513704427083334,
              4.249051920572916,
              5.833577473958333,
              5.3638916015625,
              4.65635986328125,
              6.95740966796875,
              7.319718424479166,
              6.5222900390625,
              10.45010986328125,
              4.382747395833333,
              34.179777018229166,
              34.8074462890625,
              45.947062174479167,
              45.82991943359375,
              46.190779622395834,
              25.381612141927083,
              5.8463134765625,
              5.3868896484375,
              4.524609375,
              5.571171061197917,
              5.709004720052083,
              4.786832682291666,
              4.628780110677083,
              4.2274658203125,
              4.296931966145833,
              4.021272786458334,
              4.065079752604166,
              4.208284505208334,
              4.16268310546875,
              3.8533447265625,
              4.238614908854166,
              4.081083170572916,
              5.623527018229167,
              8.715470377604166,
              4.22496337890625,
              3.62628173828125,
              4.028792317708334,
              4.0392333984375,
              4.312748209635417,
              4.493705240885417,
              4.260445149739583,
              3.950927734375
            ]
          }
        ]
      },
      {
        "metricId": "builtin:host.mem.usage",
        "data": [
          {
            "dimensions": [
              "HOST-1812428021FCE23D"
            ],
            "timestamps": [
              1604995200000,
              1604995800000,
              1604996400000,
              1604997000000,
              1604997600000,
              1604998200000,
              1604998800000,
              1604999400000,
              1605000000000,
              1605000600000,
              1605001200000,
              1605001800000,
              1605002400000,
              1605003000000,
              1605003600000,
              1605004200000,
              1605004800000,
              1605005400000,
              1605006000000,
              1605006600000,
              1605007200000,
              1605007800000,
              1605008400000,
              1605009000000,
              1605009600000,
              1605010200000,
              1605010800000,
              1605011400000,
              1605012000000,
              1605012600000,
              1605013200000,
              1605013800000,
              1605014400000,
              1605015000000,
              1605015600000,
              1605016200000,
              1605016800000,
              1605017400000,
              1605018000000,
              1605018600000,
              1605019200000,
              1605019800000,
              1605020400000,
              1605021000000,
              1605021600000,
              1605022200000,
              1605022800000,
              1605023400000,
              1605024000000,
              1605024600000,
              1605025200000,
              1605025800000,
              1605026400000,
              1605027000000,
              1605027600000,
              1605028200000,
              1605028800000,
              1605029400000,
              1605030000000,
              1605030600000,
              1605031200000,
              1605031800000,
              1605032400000,
              1605033000000,
              1605033600000,
              1605034200000,
              1605034800000
            ],